Source_id,Sentence_en
1,Eclipse and Eclipse should also also also also helps to find an program.
2,"""For I have written unto you, that I have written unto you, that we have faith in faith, and faith, and we have faith in the faith, and faith."""
3,"Next, I will click on the will be gr grance to search. I will click on the home."
4,"The contentator will set the indices to each values of each values, 1, 1ster 1ster 1 to 1,"
5,"""And when he had opened the second time, he had opened, I heard the seconds, and said unto you, I have heard."""
6,We know the objects in each fields in each object.
7,Child has trust in you all.
8,The Yogic you can be attained in different matter.
9,"""And he gave him, and gave him to the sabbath day, and gave him, and gave you, and with you, and with you all the church of all the church of all."""
10,"""Sater is a water of water, water, water, water, the water is a water of water, water, water."""
11,They are book.
12,Paternal grandfather came from library.
13,"Go to the tab, go to 0 to 9 and click on 0 to 9, click on 70."
14,The Dribute and Distribute dialog box appears on the right side of the interface.
15,Click on the break break break break.
16,We have done done the Borrowed Books for Borrowed Books.
17,"""The class yoga is a class of yoga yoga yoga yoga yoga yoga yoga yoga yoga yoga yoga yoga yoga yoga technique,"
18,Those are creepers.
19,"Apache, MySQL and PHP obtained through XAMPP 5.5.1"
20,"Here, we can add a document to be created earlier."
21,Solders rules forgets.
22,1. cells are found in plants.
23,This is how we can add shortcuts in the Launcher.
24,The fruit is a do that it is not possible to eat and do it is not possible to eat and do it.
25,"""Mitit like like a punning, powers, punctions, powers, punish, punctions, punctions, pages, punas, etc."""
26,You can also also also also also also also also also also also also also also also also also also pesticks and pesticks.
27,All the form must be familiar with the form.
28,Boy displays affection in you.
29,"""And they are they all men, and their strangers, and they are in them, and strangers, and thou hast hast hast made me."""
30,"In this tutorial, I am publication of Microbiology, Microbiology."
31,"Pisherhers title, Collection title,"
32,• Keep the legs together together and legs together.
33,I select the Brush and select the Gradient tool and select my Gradient.
34,Then we go to successUser page.
35,Plants and plants grow in different ways.
36,"""For ye have not with the saints, and of God, and as ye are in the saints of God, and with God."""
37,Dances depending upon dances are dances in dances and dances.
38,"""And the two man was not the Jew, and the Lord of the Lord, and the Lord is not the Lord: for the Lord is not the Lord of God."""
39,"""Plants, the kings of flowers, do not remove the kings, but the kings of the kings."""
40,close Basket (Order)
41,Moist -
42,"""Then the Rama of Rama, Rama was given in the forest of Rama, Bharata and Rama, Rama, Rama, Rama, Rama with his own capas, Rama, Rama, Rama, Rama and Rama with his own cattlences."""
43,"With this, we come to the end of this tutorial."
44,These are differences between these methods and method.
45,The Pandavas also gives the conch.
46,Let us read data type: ep = fop = fop.txt.txt.txt
47,"For more details, please write to contact@spoken-tutorial.org"
48,"Now, let us enter the password as shown here. If your password, enter the password as shown here."
49,"When the extracted, I will now now extract the FrontAccounting folder in FrontAccounting folder."
50,"""And the angel of Israel, and thy counsel, and to Israel, and thy hand."""
51,Welcome to Meet The GIMP.
52,"Before a variable, we have declared a variable."
53,We can see the number of jk has been displayed.
54,"As we can see, Course Category is Mathematics."
55,"Now, let us see a simple Java IDE using NetBeans IDE."
56,Dronacharya is a day of Dronacharya.
57,We all may may fight
58,"But I will enter the details of the Bull Name Name as the details, I will type the details as the details as enter the details."
59,Sit in the sit in the heels.
60,"""And he went into the ship, and went out of the ship, and went into their clothes."""
61,Type the text in the text-NKKSKAKAKAKAKES.
62,Enter the u space 10.
63,Let us now now work with “for” loop.
64,Go to the next page week week.
65,"""In the area, clean the area, clean and the clean are clean."""
66,Vayah: One who is the uncour of all beings and the universe.
67,"If you have not download and bandwidth, you can download it."
68,Send a stitch to create a small stitch with double stitch stitch.
69,"""May the left leg, keep the right armies the right thighs and chant the right arm."""
70,Change the name of the current layer to CD template.
71,It is used for water and transforms.
72,Enemy is hiding.
73,Right-click the Services node in the Services window.
74,Here we see an error.
75,We will be staying here.
76,"""And they said unto him, The Lord, and said unto him, The name of the day of the day of the day of the day of the day of the day of the day of the day of the day."""
77,"So, the displayMessage goes to the displayMessage."
78,We can now add some options insert this.
79,Women is decorating.
80,Try today need to read the Gita?
81,"""But he was not granted in the way of the powing, but he was not grains, butter."""
82,"""Some raise the buttocks, raise the ground, raise the ground, touching the ground."""
83,Then we call removeFromCheckout method.
84,Boy will take the bag.
85,"""But the Lord is not the woman, neither the woman, neither the woman, neither the woman is not the woman."""
86,identify and sewing stitching the sewing stitch
87,4. leaves are leaves in leaves and stem stems are green green.
88,I will now only the tool by clicking on the tool.
89,We have created a rectangle.
90,Sita in Hanuman Sita’s Sita in Sita.
91,"Let us summarize, we learnt about: * Methods overloading and Methods."
92,"""And the sabbath, which was called Dili, and sili, which was a certain man made unto Dili, and the sili, which was not sili, and the silver."""
93,"""In this lesson, we have learnt about about about about about some health and health benefits of nutritions and health benefits, health benefits, health and health benefits."""
94,Now let us learn how to install software using Synaptic Package Manager.
95,These can be different or cell or cell or cell.
96,Click on View this Journal Entry link.
97,Who is the mother of the codile?
98,She will take you.
99,Egg: [cular] is a a blegular or bularcular cin.
100,"""They are used for water, water, water, water, water, water, water, water, water is used for a water."""
101,"""And he had made them, that they had been taken unto them, but they had not seen the Lord of the Lord."""
102,"""For we are used for our food, we use of food, we use our food."""
103,And he spake unto them.
104,"""And he said unto them, That he saith unto them, And he that he hath a little faith, and said unto me."""
105,Go to save the logo and save it.
106,Sitting Asanas - Sitting Asanas - Siddhasana.
107,These are Asanas.
108,Krishna is all.
109,Monkeys the fruit.
110,Who are two warriors?
111,Click on the right button at the bottom right.
112,In the senses.
113,"""And Jesus said unto them, This is the Son of the dead, and the dead, and the dead."""
114,In this house there are many house.
115,Now we will add Service tax for Service tax for Service tax.
116,We have learnt how to learn a little little bit about Bookmarks.
117,Now press Enter to execute if press Enter.
118,"Inputput functions, we will learn about functions and functions."
119,"Next, we will change the book_id_idger from id."
120,"""But the angel of the seven angels of the angel, and the angel of the Gentiles, and the Gentiles, and the Gentiles, and the Gentiles, and the Gentiles shall be glorify him."""
121,"But, you need to redirect any stream-bracket or right angle angle-bracket."
122,Now we can see the names of the names of the names.
123,"""Not: One who is the three three three three three three three, and the three three three three three three three three three, and the Lord is the three."""
124,But this is a day day to 30000.
125,This class should have the following details of the class to the following details of the class.
126,You are son of Kunti.
127,Who was the son of Karah?
128,Save the program and run the value of the program.
129,"In the sub-a’, Classification field, type 660.6660."
130,Now we can see some common errors we can see the common errors.
131,It is the body in the body.
132,How to an array element in an array? How to an array?
133,Create a circle and color in circle circle and black color.
134,Eror dialog box and Shortcut keys.
135,"Let me now now now now come here, I will delete this figures."
136,The default.T.T.T.T.T.T.
137,Here we can see that the write permission has been removed.
138,License Licenseense organs.
139,This LaTeX on LaTeX on LaTeX LaTeX on Windows and LaTeX on Windows MikTeX MikTeX MikTeX MikTeX MikTeX.
140,We can see that the mathemical expressions has been installed.
141,We both must speak.
142,You may may connection.
143,And the program will be terminated.
144,• Slowly raise the legs to the legs and elbows as possible.
145,These are a parallel to make them to make them.
146,Krishna placed the chariot.
147,I have already created a spoken tutorial on creating creating creating creating creating information.
148,Spoken Tutorial Project is a part of the Talk to a Teacher project.
149,Koha has auto-selected Spoken Tutorial Library.
150,"""And they were astonished, and looked the angel of the earth, and looked him, and looked him, and looked him."""
151,Switch to the browser and open your browser.
152,You can type the title of your Journal.
153,And the other tools used by the other selection tool.
154,More information on this mission is available at this link.
155,"However, Internet Explorer should be avoided as Internet Explorer causes."
156,Type at the prompt: date space plus h plus h plus h plus half h plus half.
157,We see what is an interface.
158,"'F' and trees's small organism', 'to life' and its organism', 'to life'"
159,Let fingers point backwards.
160,"""And he said unto him, I will glorify him, Father, and glorify him, and light light, and glorify him, and light in the Father, and light."""
161,"""Samples are used for leaf, Bastastastastic leaf, Bastastast, Bastastastast leaf, Cast leaf, Castastast leaf, Castastususususus leaf, Castastastastast leaf, Cast leaf, Cast leaf, Cast leaf, Cast leaf, Castus etc etc etc etc etc."""
162,"""And when he shall be to death, shall shall be to death, and shall be true, and shall be able to death."""
163,I think I think.
164,ENIRIRONCE variables with an array.
165,We have created a part of the part of the part here.
166,It is a GUI for a GUI command as a GUI command.
167,• • Stretch the knees inches apart apart.
168,Let us see the contents of awkdemo.txt file.txt file.
169,"""And he said unto them, Behold, he is the first, saying, Behold, I will come to the first first."""
170,explain the meaning of folk music
171,So I can pull this point to pull this point.
172,"HIVIV, from HVIV, from HVV, geomet1 from 365, geomet1 from 365."
173,"""Jesus answered and said unto them, It is a Lazarus, It is a Lazarus."""
174,"""For the light of the light, and the light, and the light of the light, and the light, and the light, and the light of the fruit, and the light."""
175,Now let us see how to create a application.
176,Now click on OK and close the dialog box.
177,This summarizes the Spoken Tutorial project.
178,Then I select the value of Over and see that the value is set to 10.
179,Readhyana sloka.
180,Try today today cooked today?
181,Welcome to the spoken tutorial on grep command.
182,"Next, we can see Course Description and Course Summary fields."
183,That is a bodies.
184,This is useful to use the color ofgics and we need to use the requirement. This is useful to show you to use it.
185,"Now printf printf statement, we print the printf statement in cout statement in cout statement."
186,3. Food stops food is a food to food.
187,Suggest any other ways to our our our house.
188,"So, I select an error and select the mixnamlend to the mix."
189,"""Having in planes, planets, planets, planets, etc etc."""
190,"So, you should be able to 35 to 35 times to 35 to 35."
191,Spoken Tutorial Project is a part of the Talk to a Teacher project.
192,The Spoken Tutorial Project Team conducts workshops using spoken tutorials.
193,"""But he that God hath given me, but the God hath made me, but the God, that God hath given me."""
194,"""Siman: One who is the power of creation, because He is the great excellements."""
195,Move the right foot right foot from the right foot.
196,Teachers conduct the teacher.
197,Suggest any methods for each other parts of each parts.
198,"""And the apostles, and took the apostles, and took the apostles, and took the apostles."""
199,"So, I can see the new layer and select Layer Layer Layer Layer Fill and I can see the opacity of the image and I can see the opacity of the image and I can see the opacity of the image and I can see the opacity of the image and I can see the opacity of the opacity of the image and I can see the layer mask and see the opacity of the opacity of the layer and I can see the layer mask and I can see the image and I can"
200,"""Pirvah: One who is the manifested by his own manifestation of his own manifestation, as His form of his own manifestation."""
201,tribal dance of India.
202,"Now, let us add a using using using using using the using using using the using statement."
203,Enough.
204,It is a playing to play that a game must be played.
205,"""And he said unto them, The Son of them shall be that he shall be saved: but he shall be saved: but he shall not be saved."""
206,"This is because we have done the value of variables, we have not initialized the variables."
207,Now press Ctrl + c keys to undo the keyboard and press Ctrl + c keys.
208,Click on the Selector tool.
209,I will give her her.
210,"""As you exhale slowly, you exhale completely and exhale the breath, you exhale completely completely."""
211,"Now, we will invoke the details to print the details of the showData method."
212,Click on View menu and select Properties option.
213,"I will use this tool for this tools, for this tools, I will be recording this tool."
214,Total as 4000 and Actual cost as 0.00.
215,Use guidelines and set them
216,Provision field is used by default.
217,"""And he said unto him, What shall we have the disciples of his disciples, and shall we have the law?"""
218,Boy has friendship on those.
219,We have a similar to the Videososite.
220,"""And he said unto him, I will enter my house, and my disciples, and my house, I have heard my house, and my house."""
221,You can install KTouch using Ubuntu Software Centre.
222,Child has trust in these all.
223,I will select 15 periods as 15.
224,"""But thou art of thy heart, and thy heart, and I am not, and the Jews which are of thy heart, and I am not of the Jews, and I am not of the Jews, and I am not of them."""
225,Bhagavadad Gita is a songs in Bhagavadasana.
226,This is a physical form of physical exercise to be steady.
227,State whether the following statements are true or false:
228,"""And when he had done by the man, he shall find out of the man, and the man, and the man shall be in the kingdom of the man."""
229,Type at the prompt: date space plus T plus T plus T plus Tod.
230,"""Saying, the kingdom of the ran, the ran of the ran of the ran, and brahmmmmmmmm, and the kingdom of the kingdom of the kingdom of the kingdom of the kingdom."""
231,"""And the nervous of the nervous, the nosephen, the sun, and the nervous."""
232,What all are the Gita?
233,Next is a course for Hidden sections. These are used to set to the students who are set to the students.
234,Those two are ball.
235,The first step is the General Ledger Classes.
236,"""And he was a sicked, and your body, and your body, and your body is in your body, and your body, and your body."""
237,But this with with with cow deterg.
238,"""And the Lord of the Lord, Sria, Sria, which were in the Lord of the Lord, which which which were in the Lord of the Lord, which which which which were in the Lord, and Sria, and Saviour of the Lord."""
239,"""It is relaxed, relaxation and relaxation."""
240,"""Describe the nature of nature, the nature of nature, the nature of nature and the nature of the nature of nature of nature, the body, the body."""
241,"""It is not possible to be loving the body, but it can be possible to be possible."""
242,प्रा as 2nd as 2nd as 2ndnd as 21.
243,What is the son of these?
244,We can see that we have already opened the maths_taths_t.pdf_t.pdf_t.
245,Feel the body of all parts of the body parts of the body.
246,"""And Jesus answered and said unto Israel, The Lord is the Lord of Israel, The Lord of Israel."""
247,"""The same has been transported in the Nagya, Magya, Magya, Moka, Magya, Moka, Moka, Magya."""
248,Click on the folder at the folder.
249,Notice 2 handles and 2 handles on the handles.
250,"""Some food is called the food, the food is called called called affet, which is called 'Setetet'."""
251,"""And they said unto them, Silaia, Silaia, Silaia, and brethren, and brethren, and brethren, and brethren, and brethren, and the brethren, and brethren, and the brethren, and the brethren, and the brethren, and the brethren, and Silate unto them."""
252,These two armies.
253,"However, it cannot access to access a web browser."
254,"""And he said unto them, Because he that he had a certain man, and said unto him, The chief priests of the chief priests and said unto them, He that he hath not the chief priests."""
255,"In the beginning, I will do not do the language."
256,Google Calendar.....
257,"""And when he was cast out of the people, he was cast out of the people, and the liked, and the multitude of the people."""
258,Then click on Koha Administration.
259,"""In fadasana, keeps."""
260,"""For ye have written unto you, that ye have written unto you, and ye have written unto you, and ye have written unto you."""
261,A new page opens up.
262,"And using Linux, Synaptic Package Manager."
263,"For example, we have two indices to array element element in index indices."
264,Those two are samskritam.
265,Save the image.cml file as save.
266,Type 4.
267,Someone of small small stops at at at at any other otherorganisms to make any other other other side of the house.
268,It helps to improve concentration and calms to calms.
269,"It is important to note that : : During the practice is not ‘Nára’ ‘Mára’."""
270,"""They have seen faith in the kingdom of faith, which were made, and faith, and the faith of faith, and the faith of faith."""
271,"""And he said unto them, Why do ye in parables, Why do ye said unto them?"""
272,Add a name of 2 to 2nd number.
273,Let us open the terminal.
274,Now let us type “*” space slash slash slash slash.
275,"""Vedic food is a different piten in different different and mothers, and mothers, the different pithes, and mothers and mothers."""
276,Note that a curved lines is used in this curved.
277,Click on the file that the file that we will click on the file.
278,"""And they came to Antiochch, and came to Antioch, and came to Antioch, and came from Judaechchch, and came to him, and came to him."""
279,Some images are very very very dark.
280,This tutorial is a simple web application to create a simple web application.
281,But I can change the colour to change the colour and here I can make a bit darker here and here.
282,But the non-static block can not be changed.
283,The main method is the main method.
284,Firefox web browser and Firefox web browser.
285,Let us see the code in action.
286,"""1. Resty seed is found in water, water, air, air and animals."""
287,"""And he said unto him, What is the servants of the house of the people, and said unto him, What is thou thou thou thou? And thou hast thou hast thou?"""
288,Bandhas of Harmas
289,"""And John came to pass, and the baptized of John, and came to the gospel of God, and came to the gospel of God,"""
290,Let us see how to run the code and run.
291,"Go to the menu, go to the menu and click on Programramramramramramming IDE icon."
292,And thou shalt be thou shalt be recometh to the resurrection of the resurrection.
293,And I will show you the code as you.
294,Rama is known asana.
295,"""And he said unto him, The servant of the house of the house of the house of the house of the house of her, and had taken him."""
296,Then we have set the result of the result.
297,The output shows the sequence of the sequence in the sequence dna2 in the sequence.
298,A small program has a small other other other other other window with a small program. It has been used in the other other other other other window.
299,"""Some food is the food from food, the food, the body, the body, the body, the body of our body."""
300,Let us go back to the box.
301,"""If any man ask a son, he will give him a son, and give him a son, and give him a son."""
302,Make tight facing forward to the palms on the palms.
303,"Now, let us learn to create a stroke or stroke or to do the objects. This is to use the Stroke paint tab."
304,"""Mahah: One who is the power of the Lord, and who is called the power of the power, and the Lord of the killed and the Lord, and the Lord of his mind."""
305,Scroll down and click on Save and display button at the bottom of the page.
306,"Right-click on Open the menu and Action Action Action Action Action Action, Action Action Action."
307,"""And he went with the twelve, and went into the time."""
308,"""In today is to be worshipped in the forest, and be worshipped in the people."""
309,"""And the vine of the prophets, and the prophets, I say unto the prophets, I say unto the blood of the prophets, and the world, and the world shall I say unto the world."""
310,"""And he said unto him, What shall he that he shall be able to his hand, or he that he shall be able to him, or he that he shall be known unto him."""
311,and close the document.
312,"""""""Saying, you see the Sun of the earth, the night, why does does does not?"""" What does does does not know?"""
313,"Next, we callAvailableCopies method."
314,"Now, go to 310 PURCATION FRECATION FRECQQ."
315,There are in front of the pound.
316,During each other stick the soil and soil.
317,Let fingers at the fingers point.
318,"""And when they shall be given them, they shall be set them of them, and the son of them."""
319,"""And the palms up, straight straight."""
320,Snake lives in the snake.
321,"""For I will be now, and now now have to be ready, and I will be ready."""
322,Those are necks.
323,"""Final, chest and organize the body, joints are connected to the body."""
324,"With this, we can see that you can see that this has been able to learn about this objects."
325,Now we are now in the page.
326,Tomorrow I will learn Sanskrit to learn Sanskrit.
327,Right-click on Exit-click on Exit.
328,Less than e.g.g.g.g.
329,We will learn about the Fribute dialog box in other options.
330,This is the output as you have the output as a++.
331,"Then as the condition is true, then then the condition is executed as the condition. Then it is executed."
332,"Now, we can see the objects are selected."
333,"""Mooking food is a food, we need to give food."""
334,"Now, we have added the variable name of final variable name."
335,Now I have to select my brush and close the Archive Manager and close the GIMP.
336,This command is because our lines is because our lines is because the empty lines is printed. This is printed. This is printed. This is printed.
337,Bharat was instructed.
338,"Now we will type the showDetails method, type public public public void showDetails(( ))."
339,Click on Add another to add one to add another to add one.
340,"""But if thou shalt do thy left thy left hand, thy left thy left thy left hand, and thy left thy left."""
341,"""And he hath made the grace of the house of the house of the house of the house of the house of the house of the house of God."""
342,We know the variable of variables and we have learnt about the class.
343,They must be protected and protects from thieves.
344,"For example, we will see it inside the center environment."
345,SKKEE SKKKEE SKKKED
346,Boys heard story.
347,"""And he said unto him, The Lord, and he sent him to pass, and he sent him to pass, and he sent him."""
348,"""And he said unto them, The kingdom of God, and ye shall come unto you, and ye shall be in the kingdom of God."""
349,I will type Polvind Hindl.
350,"""Bhutrude, Dival, Bharata, Dival, Bharata, Dival, Dival, Bharata, Dival, Bharata and Todhutra."""
351,I will leave Shipping cost as blank.
352,We have already already created the processed process.
353,"This time, open the date and the quiz is given to the quiz."
354,Now we have the greater than operator.
355,You please spir.
356,"Lastly, click on Save changes button and then on Save changes button."
357,Click on Units drop-down list to our requirements. We can change the requirement.
358,Once we can see that we have seen the blocks in the block.
359,"""And when he saw him, he saw that he was a place, he saw him, he was a sorrowed."""
360,Both the warriors is the war.
361,Each system is used for different and
362,There are living organism in living organism.
363,Click on the drop-down list of the drop-down list of the drop-down list.
364,Select any option.
365,"""It is used in the second area, the second area, the soil, the soil, soil, soil and soil are used in the soil."""
366,"""And if the body is the body, and the body should be fulfilled?"""
367,Type 0; close the return statement.
368,Animals are displayed as follows:
369,Mothers of Magrows and festive foods are a pententententententententententent.
370,Spoken Tutorial Project is a part of the Talk to a Teacher project.
371,Now type: cd space:
372,Select the optimization tool and select the tool.
373,"In the text text option, these options will be used."
374,"""And when Paul had spoken unto Paul, Paul Paul Paul, Paul, and said unto them, Because of the Jews, I am I am the Jews, and said unto Jerusalem, Ourches of the disciples, and said unto them, Ourches of the hands, Ourches of the hands, Behold, and said unto Jerusalem, Ourches of the Jews, Ourches of the disciples, I have I am I have I have I"
375,"In the Sen mode, the Sen mode are done in the sky and the color are done in the sky."
376,I select Scale tool and select Scale as Scale and pull it and pull it down the window.
377,Boy displays compassion in them.
378,Krishna is Krishna to Arjuna's devotees.
379,As an assignment:
380,"""The name of Rama is Rama, Rama's name of Rama, Rama's name of Rama, I am a name of Rama's name."""
381,Anururity of ancient features
382,"In Categories, select Java."
383,"""""""Yes((()) it is a globe."""
384,"""And the woe unto them, and said unto them, Behold, and they have to come out of the ground, and they may cast out of the hands, and they may hangers, and they may go down."""
385,"As we can see, the condition is satisfied."
386,Let us see what happens when the value is 0.
387,"For this tutorial, we will be used for forgetables"
388,Select the Date and select Date for Date and End Date.
389,"""Slowgan: The only only only only only only the form of the world."""
390,Now I am now I am using this image.
391,Create Table dialog box opens.
392,Boy displays humbleness in you.
393,What are you in front of the you ?
394,But a static method can access and access static static method.
395,"""In this time, the people of the people, give us us us us to give milk."""
396,Here is another instance of another instance instance instance.
397,We see a image and draw a circular handlelexular handlexular hand.
398,Now we will learn how to add static method and static method.
399,"For that he was the shed of the Holy Ghost did not the Holy Ghost, and the waxed the church."
400,Here you can see the GIMP and Looped.
401,He was known as Bharata.
402,He will be eaten the fruit.
403,"From the ‘Folder’ drop down, select the toolbar’bar."
404,This is our header file.hio.hio.
405,"""tixed"""
406,You served the country.
407,And it is not less than 40.
408,Handandi- It is a gradually white colour of the player.
409,"""And he had sinned sin, that he had sinned sinned to sin, and sinned to sinned, and since had sinned unto them that he had sinners."""
410,"But, if you can do the GIMP, you can do this by using GIMP. I will show you how to do this tutorial."
411,"""Bio file, we will change the header"" as ""dostream"""
412,This is a chariot.
413,You two are eloquir.
414,"""And the chief priests and John, and James, and the chief priests, and the son of the city of the city of Judae, and the city of the city."""
415,The times times times a few times of a great great great times.
416,"And, I will type the file as STCabel and click on Save."
417,"""I speaking, as we speaking, as as weakaking, as weakakakak, as I am not as as I speak, as as I am not as as as as I speak."""
418,Click on Calculus course at the course. Scroll down to see the course. Click on Enrolled course.
419,"""For the God hath made them unto them, that were the church of the church: for the church of the church of the church of the church."""
420,Duplicate the main class as the main class and watch it.
421,Then click on Add random question button.
422,Many temple are in the temple.
423,"In this tutorial, we will learn to set OPAC to customize OPAC."
424,"Next, let us see what the Status bar is?"
425,"""And the Gentiles did the Gentiles, and the Gentiles, and the Gentiles, and I am in thy name of God, and the Gentiles, and I am the Son of God, and the Gentiles, and the Gentiles."""
426,1. What is nutrients?
427,Yoga is the God of God.
428,"""And they had not sin, and they had not sin: for they had not sin, but they had not sin."""
429,INTEXT QUESTIONS
430,"From the drop-down, I will select Author (Author)."
431,A cow need to be used for cows.
432,"""Thou therefore therefore, who is good to be comforted with Jesus Christ."""
433,"""And he said unto them, Go to the church of the Jews, and said unto them, Thou shalt have the brethren, and said unto them, Thou shalt have ye have the brethren, and said unto them, Thou shalt have the brethren, and said unto them, and ye shall come unto them?"""
434,As an assignment-
435,"Now, let us try this file with the terminal."
436,The Spoken Tutorial Project team conducts workshops using spoken tutorials.
437,Function call by value.
438,Prone asanas down asanas refusing on your eyes.
439,You can open your own own/hers or folders can be used by by by the/heriting.
440,This is because the scriptures overloaded?
441,Teacher will conduct the teacher.
442,"""For God hath not the word of God, which are not the Israel of Israel, and the Israel of Israel."""
443,System.println(n);
444,"""For God hath raised up to God, that he hath raised up his heart? for God, that is God?"""
445,"""In the thread, raise the thread and thread up the thread where the thread will pull it the thread where the thread will keep the facing the thread."""
446,"""And there are two left, and two left hand, and they had two hands on the left side, and the left."""
447,Who was the son of Rama?
448,"""And he said unto them, Lord, Take he to pass, and said unto you, Take he to pass, and to pass, and to come to you."""
449,Let me change the line to 1.50.
450,"""For we have not be taken from the blood of the flesh, for for their own heart, and be taken from the judgment of the heart."""
451,"To open the terminal, press Ctrl, AL and T keys simultaneously."
452,We both must do.
453,Rest of the code is similar to our switch.c program.
454,Next is the next tool or Intigors or Scissors tool.
455,"""And they were filled with them, and they were were their synagogue, and their hands, and they were filled with them."""
456,Bhishma is seeing the money.
457,E67 for E77 and Employee ID of Employee.
458,"""And he said, but he, but he saw not in the lying, but he lying, but he lying in the lying."""
459,"Now, Login with Database administrative user."
460,This is Sanskrit.
461,Asanas are various types of Asanas.
462,"""Surasana, Vajrasana, Shalabhasana, Vajrasana, Vajrasana, Vajrasana, Vajrasana, Vajrasana, Vajrasana, Valabhasana."""
463,"If not, for HTML, please visit our website. Please visit our website. Please visit our website."
464,"Next line, type:elseelseelseelseelse and press Enter."
465,Those two are two girls.
466,"""It is a lot of a different different of a number of a different different, a number."""
467,Note that our file name is pointer.cpp.cpp
468,"""But I am toward, and I am in your heart: for I am not, and to be able toward, and ye shall be able towardward."""
469,We are now in the teacher dashboard.
470,"Now, I will type the Price as Tax field as 48, I will type 48."
471,Notice that a servlet is a servlet is a servlet.
472,We use a constructor inside constructor with another constructor.
473,I will pull the slider of the slider slider. I will pull the lines in the slider.
474,Maymaya is the enjoy of Maymay.
475,"""For I have heard that I am not in the humble, but I may speak unto you, that ye may speak unto you."""
476,Click on Inkscape and open Inkscape.
477,"""And the son of thy son, and thy son of thy son, and thy son, and thy son of thy son."""
478,Who was Kalidas?
479,"To do so, type the command as the command, type the command. Press Enter."
480,"""For God hath not the man that God hath made him, but that is not the glory of God, but that is not the world."""
481,I will leave the mother’s as a cube’s.
482,"""Sudvah: One who is the king of the king, Karma, Sriya, Bhramah, Sriya, Karma, Karma, Karma, Karma, Karvarma, Karvarma, Karma, Karvagya, Karvarvarma, Karma, Karma, Karma, Karma, Karma"
483,"Monkey does does work, scalet work."
484,This summarizes the Spoken Tutorial project.
485,We have already written a string and reverse reverse reverse the string.awk to it as reverse a string.awk.
486,"""For God hath made him, that is the God of God, and is the God, and God, and that is the world, and God is the world, and God."""
487,Yoga is not the following of the following causes.
488,These are used in the file using the current directory using the commands.
489,"""And the Jews said unto her, Blessed are sheep, and said unto her, and the house, and the house of the house, and went out of the house, and the she sheep, and went out of her."""
490,"""And he said unto them, And he answered him, And he saith unto them, And I am not."""
491,Krodhrutrutrut: One who generates Krutsha or angerities.
492,Useful
493,Specially helps in calming your mind.
494,Stage of the scriptures of the scriptures.
495,The teacher are used to Indian Indian text which you can be used to make your home and the plants.
496,"else else, conditional-expression is true 2.22 is true true 2."
497,Modaya will be used for Kalinga (b) in English) asana)
498,Move carbon to the left side.
499,What is the Nitious of Rama to his Rama?
500,Boy displays regard on you.
501,This is called nutrition.
502,We will also move() method to the move() method.
503,"""And he was gone into the twelve, and he asked him, and saw him, and he was gone to the twelve."""
504,You both play.
505,"As we are the output, the industries of the indices."
506,Notice a small triangle to the left side of the left.
507,"In this tutorial, we learnt:"
508,"""It can be used in one words, one words are used in one, white, nord, they may be used."""
509,Setup user accounts
510,The previously will be used by a file or or more color.
511,Locate the instance variables and static variables.
512,"""Then answered Peter, Peter, and said unto him, We have said unto us."""
513,"""The qualities of the qualities of the Lord Vishnu, He is the universe, the Lord and the Lord of the Lord Vishnu and the Lord is the Lord Vishnu."""
514,"""And he said unto her, What shall find it in the servants of the Lord, and said unto them, What shall be the Lord, and shall be the house of his house of his house of his house?"""
515,"""Do: One who is all beings, all beings, and all beings is the animals, and all beings."""
516,"The arrow is a menu on the category, it is a menu and it is selected to the menu. It is selected."
517,"""And he said unto thee, Thou shalt send thee, and I sent me, and I will send thee to send thee."""
518,Do not change the sky and the sky.
519,"If any field, click on the icon will be to understand the help icon in the help icon."
520,"""It is in the air of blood of air, in the development of air, in the development of organisms, which organisms."""
521,Asanas are following manner of the following class.
522,The name of the victory is 'S'”.
523,"""Phana, chant the vibrations in vibrations, chant the vibrations."""
524,And to edit the edit tool and edit the edit tool.
525,Pandavas's Krishna's Krishna.
526,I will leave 1 as 1 as 1.
527,Shri Krishna placed the chariot in between the two armies.
528,It is called Isoprene.
529,You heard the story.
530,Those are horses.
531,Go to the tool and click on Apply button.
532,Right select Fllel image and select Fllatten image.
533,"Next, print the reverse of the reverse complexing method using reverse reverse the reverse of the reverse reverse."
534,We can also use the access and use of the transportations.
535,Click on Fill in the Fill in the questions button and correct answer.
536,"""But let us be not be to our head, but to be to our our sins, that they should be able to be to our sins."""
537,"""But if they are not moth, neither stars, and stometh, and stars, and mothoth, and mothoth, and moth, and mothoth not be stars."""
538,We have the minus c option.
539,Boy displays kindness in that.
540,"""For the first of the first brethren, which are in the first of the first, which are in the first of the first, and lusters,"""
541,"""And the city was not in the city of the earth, and the Lamb of God, and the earth, and the Lamb of God."""
542,"""It helps to relax the breath, relaxation and relaxed the breath, exhale completely."""
543,"If we have not used any image for any image, it will leave the text text as it is used as Rort text."
544,"""And he went to teaching the villages, and went into the villages, and teaching."""
545,Boy displays respect in these all.
546,"""And the day of the day, and the day of the day."""
547,Let us try an example with an example.
548,"""Brerehen is 'to 'to' means 'to 'to' means 'to' or 'to 'to' means 'to 'totototo'."""
549,"""Pilizes the eye of eyes, concentration and concentration, helps to increase your eyes."""
550,We have defined a constructor with parameters.
551,"""It is reduce the heart of chants and chinary"""
552,"So, type: public void void void the following code within brackets, type the following code within brackets and prints the following code."
553,• Sit in the position of the heels.
554,Sila also spoke the kingdom of the city.
555,"Now, we will initialize the fields of the second object."
556,6.5 PRE POWWWWWWWWWWWWWWWWWWWWWWSSSSSSSSSSSSSSSSSSSSSSSSSSSSSSSSSSSSSSSSSSSSSSSSSSSSSSSSSSSSSSSSSSSS
557,Is not need?
558,We go to Greeting dot java.
559,"""The element is in the water, the water of water, is called in the water."""
560,Next we need to create a database for FrontAccounting to proceed.
561,Note that we have initialized the value of x and x will initialized the value of x.
562,"""For he that believeth on you, and do it, and he that he believeth on him."""
563,"So, let me open it."
564,You all know cloth.
565,I zoom into the image and the opacity slider in the image.
566,"Let us try out out from miscellaneous miscellaneously, etc."
567,Index finger on the alphabet ‘J'.
568,He is not not fight.
569,"""For we have forgive us to us, and to us us from us, but to us our sins."""
570,Let us start with the introduction to the introduction.
571,"You can see that the sub-box to check-box, to check the sub-box. Notice that the check-box is check-box to check-box."
572,The Spoken Tutorial Project team conducts workshops using spoken tutorials. The Spoken Tutorial Project team conducts workshops.
573,This is the state of all the state of the state of the state of the state.
574,Here is a program.
575,This will appear at the village.
576,Suggest any points goshala.
577,"""And he departed, and departed, and laid them in them."""
578,4. The seed is called a white colour of seeds.
579,"To create a delete data, delete, delete and"
580,And the gospel of the gospel of the heart of the heart; and the heart of the heart of the heart.
581,"Here is declared in std namespace, type the std and press Enter."
582,Notice the details here.
583,Have fondness in peace.
584,These two are Pandavas.
585,The sirits of the sides are sanders.
586,"Type the File file as ""Hlcome""."
587,"Similarly, we can see a course to assigned to a course."
588,What you do you do?
589,Sky is the qualities of the sky.
590,Click on Add button at the bottom of the Addoser button at the bottom of the window.
591,Then click on Payment button at the bottom of the window.
592,"Tableable Table environment is not include it. So, it is not do it."
593,and display the converted temperature.
594,Create a class to create a class as 'Tisplay' class.
595,Attachment button is two button.
596,We have learnt about the importance of shapes
597,You may get anMSMS.
598,"Similarly, we will learn about input data using input data using input data."
599,You see that the image is now now now now now I have the opacity of the opacity.
600,Do the Sthiti for inhaling
601,This is sister.
602,You will see a value in your interface.
603,I want to click on the star and click on the star.
604,But the changes of the industries of the changes.
605,cows cowshed milk from cows.
606,main is a function.
607,"However, note that the date is editable."
608,This will send all the students to all the students.
609,"""After studying this lesson, you will be able to:"""
610,"Password in the Password text-box, enter your choice."
611,"Immediately, the software creates a software."
612,This is a launcher.
613,"In this tutorial, I will learn to use the tool to use the tools to accommodate tool."
614,"I will do this working on 800/00/6, I will do this pixels and so on the layer, I will show you around the layer and so so so so I have to 8004448."
615,Boy displays affection in these all.
616,"""• Stretch the abdomen the abdomen out, keep the abdomen the abdomen out of the abdomen."""
617,"It also also also also show various polygonononononononononononononononononononononononononononon mails, maily, mails and mails to be different mailymitted and titororororororororchal polygans etc."
618,This is also to medicine for the disease of medicines and medicine for increasing immortions.
619,The package will be used.
620,"""The word of the worlds, the worlds, the world."""
621,This knows them.
622,Knowing the day of the day.
623,FrontAccounting interface begin working on FrontAccounting interface.
624,This statement will print the address of the address of the variable num.
625,You all sit on the sit.
626,"""Verily I say unto you, That I say unto you, That is my Father, and I doeth me, and I go, and I go through me."""
627,"And the glory is not in the way, and to the truth to the truth."
628,Students knew mathematics.
629,Shlokas is the shlokas of Shlokas.
630,Moodle 3.3 and Firefox web browser of Firefox web browser. You may use any web browser of your choice.
631,Plants water is water to water.
632,This file is saved as home folder.eqaqaqaqaq. Press Enter.
633,You may speak
634,By contain the mind at the end of the end of the mind.
635,You all must speak.
636,"""Some of Sirs, music, music, the music and the music."""
637,"""But I am the truth, and the truth, and the truth of the truth?"""
638,Now let us see how to execute the same program in C++.
639,Click on Maintenance panel. Click on GL Account Classes link.
640,"""And he said unto him, If God is not in his world, but whosoever believeth on him, but whosoever believeth in him."""
641,"To record this tutorial, I am using: Ubuntu Linux OS 16.04"
642,"I will enter the Account Account as ""H""."
643,"In default default, we will type Folder Folder Folder Folder."
644,"""And he was taken in the clothes, and wicked, and wicked in the linenen clothes, and wicked in the linen clothes, and wicked with the linen clothes."""
645,"To follow this tutorial, you should have knowledge of knowledge."
646,"""And Jesus answered and said unto him, Be ye have crucified the hands of God, and besought him, and the hands of God."""
647,Sage chanting.
648,"""Mahas, Indian Indian Indian Indian Indian Indian Indian Indian Indian Indian Ra, raga."""
649,This all the world were all the world.
650,Repeat the object of each object of each time to be shown.
651,"""And the books, returning your books to contact your books, feel the books."""
652,We can also learn how to access the students and not already already already access in courses.
653,"""It is a pinch, ho, coordin, ho, wick, hoes, hollow, hoes, pin and wick, hollow, cockets, cocks."""
654,"""The sun is the name of the sun, the goddess of the sun, the sun, the god is known."""
655,This opens up the File window.
656,Choose the question and the question for our question and the question.
657,Click on Show Maskaskask.
658,Trataka is a part of Tratakaaka is a practice.
659,In water water is used for water.
660,you must use the terminal.
661,The FrontAccounting interface opens.
662,"But this tutorial, these may not be used for teachers and students."
663,"In this tutorial, we will learn about type function of function calls"
664,"""From that the nature is produced by nature, but the nature of nature, rain, nature is produced by nature."""
665,"""And they cried out, and cast thee, and cast thee, and cast thee? And they cried out?"""
666,"First, the first element is stored in index element."
667,"From the menu, click on Edit and then click on Edit."
668,"Next, you will learn how to start this tutorial on this tutorial."
669,"""I say unto you, I shall be in the law of the day of Sila, and Sila, and Sila, and for the city of Sila, and for the city."""
670,"Save the file and press Ctrl, S keys. Now, let us run the program."
671,"""And he was a certain man of Bas, and was the city of the city, and was a certain city of his disciples."""
672,Now let's change this to ‘enumerate.
673,"""And Jesus said unto them, Why do ye ye ye in yourselves, and said unto them, Why do ye ye ye?"""
674,"""Bhutra is the king of the wish, the king of the wish is not observing the kingdom of the kingdom of the kingdom of the kingdom of the kingdom."""
675,"""Inhale, raise the breath and continuously, helps to increase the breathing, the breathing and relaxation."""
676,The water is used for water.
677,"In this tutorial, I will learn about a small and its features of a small and its features."
678,"""And they brought him to Jesus, and brought him to Jesus Jesus Jesus, and took him, and brought him."""
679,"""For the limony of the church, which is the Christ, and the faith of Christ, and the faith of Christ, and the faith."""
680,"""Plimims of body, body, body,"""
681,Here is an assignment for you: Add a new subcategory 2nd Year Maths under Mathematics. Click on Mathematics.
682,• Exhale and raise the head to the ground.
683,Keep the neck in the neck and keep the neck.
684,Fundance is a part of the values.
685,Back to the terminal.
686,Let us change the mouse to the mouse here.
687,And we can also learn to identify their soluture.
688,"Type: ""c space slash user slash bin slash bin""."
689,"""Then said Jesus, Simon Simon, Simon Peter, Simon Peter, Lord, Simon, My son of Master, thou hast thou hast thou, and said unto me, Lord, Lord, He saith unto me, Lord, He saith unto me."""
690,I go to File and click on Save As an file and change the file to ‘gifif' file from 'g' file’.
691,Why are important to be cleaning of human human human?
692,ii. skinhes clean.
693,Mother will come from the time of the time.
694,Block outside the oppen outside the opp.
695,Boy displays trust in you all.
696,I have to add a fever and I am going to add a later.
697,Paternal grandfather is Krishna.
698,Bend the right leg at the knee and sit on the right leg.
699,"""And he said unto him, Bapters, And he saw him, and saw him, and saw him, and saw him, and saw him, and saw him."""
700,"""But Jesus answered and said unto him, And Jesus, and said unto him, And he, And he saith unto him, And he, And he, and came out of our disciples."""
701,This is useful when you have used to get the daily of the daily.
702,"Here, we execute the book from Checkout table from Checkout table, from Checkout table, we execute the Checkout table."
703,"""And the synagogue in the synagogue, and the synagogue of the synagogue, and the synagogue:"""
704,"If we want to add a file, we need to add a directory to directory?"
705,She does not wish to it.
706,She liken more flowers like this.
707,Mandasana: One whose Sthiti: Tádásana
708,"""And he had done, that he had done, and the scripture should be able to be done."""
709,Child has respect in me.
710,Click on Create a new question button and click on Short answer.
711,Notice that the color is blue in blue.
712,You can see that the earth has changed to the earth and organisms are changes in the development of organisms.
713,"""For we praying to see your mouth, that we are in your hearts, and praying, and praying of your hearts."""
714,"""Vedic period is very important for food, food is important food food food."""
715,"""I speak not the word of the prophets, when I will not enter into the fruit of the Lord, I will not be my Father."""
716,"This is downloaded, click on Save button. Click on Save button. Click on OK button."
717,"""But the God hath made the God, that God hath made us in the God, that God hath made the God."""
718,This is displayed on the success.
719,"""And if we are in the prophets, if we are in the prophets, we have heard of the prophets, and the prophets, and the prophets."""
720,You two please see.
721,"Calculator, Firefox web browser and Firefox web browser are using Firefox web browser. Lideideide-click on the Home folder."
722,"Notice that the file is the 'responsesesesese file window, the index window.jsp' file."
723,The Spoken Tutorial Project team conducts workshops and gives certificates.
724,3. How is an urine?
725,"Here, I will show a value to b as b."
726,This is a scale of Priya.
727,Compile as before.
728,"So, here, these brushes can use the brush and the colour of the brush is used to use the image."
729,"""Inhale, Bhima Pranayama is supported by Shuddhi Pranayama."""
730,Have the practice for breathing and feel the body.
731,Boys heard story.
732,Some of these are harmful and harmful.
733,"As you can see, it is ‘centering’"
734,"""And they had brought them to the city of the city, and brought Paul, and brought him to the city of the city of Paul."""
735,"""Someome, a rectangle, brain, brain, a brain, brain, brain etc."""
736,Boy displays affection in them.
737,"""If the food is cooked when the food is cooked to eat, the food is called food."""
738,Sanskrit is a song of culture for a song.
739,Satan:One who is protected the protects the world.
740,"""For the law of God hath made us in Christ, and the law of righteousness, and hath made us in the law of God."""
741,"""Alowly raise your legs together, raise the legs and toes."""
742,"I will remove my details, I will remove the details of my record for my details."
743,The ghost for wandatory.
744,"""""""Yes! I know that the gir! I know that I think I know that I think this is said."""
745,Click on your admin password password button at your admin.
746,Now I say a string to declaration.
747,"Now, let us change the opacity of the opacity."
748,"Now, we will call method in the main method."
749,Type grep space minus i space grepdemo.txt space grepdemo.txt
750,"If not, for relevant tutorials, please visit our website."
751,Select the 30Mb file and click on 30 file.
752,Step 4: 4HASANA
753,The error indicates that we should provide an interface to Animal interface.
754,"""But if I have heard a little little little faith, if I have heard that I have heard a good thing, and cast into his hand, and his hand, and his own sea."""
755,"""And the James James begatat, and James begat begat, and Juda, and Juda, and Judauda, and Judaudauda, and Judauda, and Juda, and Juda."""
756,"On doing so, filling File name, opens up to File window."
757,Kauravas compets.
758,"""Then Paul said unto them, I have sent me: for I know that I have sent me, and I have sent me, and I have sent me."""
759,"""And they that he had spoken, and his disciples, and said unto them, He that he hath losted him, and his Son of God, and his Son, and his Son of God."""
760,Those two country.
761,VISESSSEDESSS THIS VIS
762,We can change the shape of the star and rotate the star.
763,Course category is set by the category.
764,Now type: ls space example1 space example1 and press Enter.
765,Notice some colour and select the triangle to the canvas and select the canvas and drag it to the canvas. Change the canvas.
766,"""• Stretch the fingers and stretch the head."""
767,"""If any man shall be a man, if he shall be a man, and shall be a man, and shall be able to the Lord."""
768,"""For as they did not in them that they might be fulfilled, and in Christ: for the Spirit is in Christ."""
769,This declare a declaration of declaring a declar region.
770,bacteria
771,"""Be sewing machines, sewing a sewing stitch, sewing a sewing stitch."""
772,"""It helps to increase their colour, pestestest and pestestesticides and pestestesticides and polves."""
773,"""And he said unto him, The stone is he said unto thee, I will he that thou hast kept in her."""
774,"""After studying this lesson, you can make your breath, you can make your breath."""
775,"Now, let us start with today's tutorial."
776,We see that the Glassflass Server is displayed on the page.
777,"Move the mouse to the link to the details, scroll down the link."
778,And I have a color of the color for ant marks.
779,"Now, I will now now now now now work on the CD design."
780,"""And they had taken the blood of the blood, and the blood of the blood, and the blood of the blood of the blood, and the blood of the blood."""
781,Let us run the code and run the code.
782,Keep the palms on the ground.
783,Now I click on Scale and I get a image.
784,"By default, select the Default for Calculus for the Default for Calculus."
785,And the constructor will be initialized to 11 and Raju.
786,"Now, click on the next button."
787,"After this tutorial, go to the tutorial."
788,Boy has grains the graded in the gir.
789,The age must be positive integer.
790,"In this case, it is as shown here is because the case as shown here."
791,"""And the seven seven seven angels were taken, and the seven seven angels were taken."""
792,I got good marks.
793,"Now, let us learn how to use this keyword."
794,I know book.
795,The Spoken Tutorial Project team conducts workshops using spoken tutorials.
796,"""And they came to Antioch, and came to Antioch, and came and came to Antioch, and came from Antioch."""
797,More information on this mission is available at the link shown below.
798,"""And he said unto them, What thou shalt not be thou? or thou hast not unto thee, or thou shalt not thou hast not thou hast not unto thee?"""
799,"General menu, Fogity has two sliduality and Fog."
800,Please do not post unrelated and gases and help to the help of them.
801,"""And they shall say unto them, If ye shall not be in the Holy Ghost, and shall be saved."""
802,Click on Save.
803,"""And when they had taken, and they had taken up, and took up, and they, and took the other of the angels,"""
804,This helps to create different quizzes for different quizzes for for for for different quizzes.
805,A message is displayed on one of the shell shell shell.
806,1. Ravadhytha helps to.............
807,"If not, please refer to the some time for some time."
808,I wrote a Sanskrit song yesterday.
809,Prone Posture: Prone Posture 1stasana
810,"Here, the file is a file inside ABYCYYAZ"
811,"If you have to change this method, you can change the method to do it."
812,"""Pirvah: One who is the power of all beings, but the punishiororororororor, and the punishment of all beings, He is called the world."""
813,"Now, enter the password."
814,"Now, let us look at the URL."
815,I will copy a Background layer to the original original layer.
816,"Here, create sequence object to create the first object."
817,He gave from his heart.
818,Ancientcribe ancient Indian Indian.
819,"""And he said unto him, But he is a man to die for the people, but he shall not kill him."""
820,"Again, click on the Description Description drop-down box and select Capital."
821,"If errorMsgs, we will leave the errorMsgsgsgs dot jsp."
822,Now click on Save.
823,"""And our father, and said unto Abraham, What shall we say unto Abraham, What shall we are ye?"""
824,Note that we can use the keyword is added.
825,More information on this mission is available at the link shown below.
826,Again the Antial dancing is a smial dothing.
827,"In this page, you will not be displayed as 010 as 010."
828,Right-click on the Projects window.java file in the Projects window.
829,Bank Account and add the Bank Account
830,Boy has faith in you all.
831,The keyword keyword is used to use the keyword.
832,"To record this tutorial, I am using: Ubuntu Linux OS 16.04 and Koha version 16.05"
833,"""And he said unto him, The first of the great man, and the law of the world: for he was not the world, and the world, and the Lord hath not the world, and the world, and for the world."""
834,"""And if thy kingdom shall be cast out, and shall be cast out of his kingdom, and shall be cast out?"""
835,Click on Go to the Go page.
836,"""And he said unto him, Behold, and said unto him, What is the knee, saying, What is the knee, What is the knee, What shall I have left of the knee?"""
837,"If you don't have not installed on any error message, if you get any message."
838,Then go to the tab 245 STATEMENTEMENTEMENT.
839,"""And I have received him, and said unto you, I have myself, and I have received the gospel of God, and I have my Father, and my Father, and my Father, and I have received me of my Father, and my Father, and my Father, and my Father, and my Father, and my Father, and my Father, and my Father, and my Father, and I have done with my Father, and my Father, and myself"
840,"""And as he hath made the servants of God, and salvation, and the goodness of God, and to be glorified by the kingdom of God."""
841,Now this area is now dark and this darker and I pull this is darker and I pull this is dark.
842,"""And they brought them, and took him, and took him, and took him, and took him, and took him, and took him, and brought him."""
843,"Sometimes, the file has not enrolled file."
844,Try to enter your own as before. Press Enter.
845,"When you type the Correctness, you will check the Correctness which displays typing."
846,"Now, let us look at the laptop."
847,"""As the knee joint is a right leg from the left leg and the left leg as perpendicular."""
848,Scroll down and click on Save changes button.
849,"""May the god is not attained to the god, we feeling to be attained to the mind, and mind."""
850,It is possible to improve the muscles.
851,But I don't want to change the way. So I think this is good.
852,Now delete the format specifiers.
853,People call God as God God as God.
854,Yagya: One who is the Yagya or Yagya.
855,Click Save the file as we can change the header file as 00ream.
856,Boy displays friendship on them.
857,The code is written inside awk section.
858,The course will be displayed as the forum forum for name as displayed as shown.
859,Let us add a block. Click on Add a block. Click on Add a block.
860,The Unit field is show 0.1 in Unitititit MariaDB. I will show 05.1.
861,Narah: One who is Nitorizes (Sus) i. Or one who is Nitious as Nitorance of Nara.
862,"To add a DNA molecule, go to Build DNA menu and click on Build menu."
863,There are several tabs on Preview window.
864,Create a visiting for the visiting
865,Please do these two commands with two commands.
866,What are you will be listening?
867,Please downloaded
868,"""But he was not touching the head by the head, but it is not possible to keep the head."""
869,"Let us summarize. In this tutorial, we learnt:"
870,"If not, some common errors or an logic-gic with an logicic."
871,Sutyine is dutyyyyyyymine for dutions.
872,"""And they took the water, and took the water, and they took him, and they laid the faily, and they took him."""
873,You will type the typing to type the typing typing.
874,Moodle has various Moodle website for Moodle and administrators for Moodle.
875,"We get a output as ""The program in a java program."
876,If the student student student has incremented 1 then the students.
877,What are?
878,Handavas is used for cooking cooking cooking cooking.
879,The dialog box opens up to the opacity dialog box. Move the opacity slider.
880,"""And when they saw him, they saw him, they saw him, saying, And they saw him, and saw him."""
881,Fill in the blanks: One who fill in the blanks.
882,Let us now login with username Bella and password.
883,• Maintain the breathing and palms in your chest and palms on your chest.
884,"This URL is the URL of the URL given given given by the URL, domic number of domic number and domain domic number."
885,This is an 90 degrees.
886,Click on the folder folder.
887,"""But ye are obeyed, ye are of your unbelieved, ye are of your treasureasureasureasure, ye are ye be obedience."""
888,You can access the connection node in the connection node.
889,"""The name is a raga, raga."""
890,"""In foods of food is called food, foods, food is called nutrients."""
891,"""For God hath not our Lord, but our Lord Jesus Christ, and to God, and to our Lord Jesus Christ;"""
892,"""And they said unto them, Why do ye ye, What are ye ye have ye ye, and ye have ye have ye have ye ye ye ye in the house of the house of the house of them?"""
893,"""Survah: One who cannot be known as His form, because He is not known as His form."""
894,"""As he was born as heavya, he was born in the great great great and he was done, he was born."""
895,Arjuna is here.
896,Now the peace peace be peace.
897,"Now, close Firefox window."
898,"""And when he was born, ye shall be of the chief priests, ye shall be of the church."""
899,"Alright, we have to have the figure and the figure of the figure. We have come to the figure."
900,"""And they brought him into the land of the land, and they were there."""
901,Boys will take new clothes.
902,"""""""5"" is 36 in 36, 366."""
903,"The Manager is assigned to the course is assigned to the course, Course, Course Manager. This is assigned to the course is displayed."
904,Rama to Sita and Lakshmana to Sita and Lakshmana and Lana to Sita and Lakshmana.
905,Food provides the power of the body.
906,This practice many many objects are very important to be different.
907,3. Nose - Nataka is the brain of nose and brain of nose and nosephy of the brain of various nose.
908,Solders looking.
909,"So, I select the colour from the background colour colour here?"
910,The Spoken Tutorial Project Team conducts workshops using spoken tutorials.
911,"""In this practice you should be different of joints, respiratory, and porororororous, and climize the joints of respiration, and climent"""
912,"""And we come to the end of this tutorial, we have come to the end of this tutorial."""
913,"These options are in the options like you, you can also also also also also also also also have the applications of the Processististered."
914,We have successfully installed XAMPP with XAMPP server.
915,"In the eyes, in the eyes."
916,"""And he was a great of her, which is the same of righteousness, and is the same of God."""
917,"""And they had brought them, and they had been brought them them, and they had been brought them."""
918,Saints give her family.
919,perspective text in perspective
920,"""Exhale, raise the right leg and bring the right leg to the right leg as possible to the right leg."""
921,Let us go to the terminal. Let me clear the terminal.
922,"Here, the first field is 1, the value of 1 1 is dollar dollar dollar dollar dollar dollar dollar dollar dollar dollar dollar dollar dollar dollar dollar dollar dollar."
923,Students saw drama.
924,"To do so, go to the top right corner, click on Login. Click on Login. Click on Login."
925,"""But I have come to you, and I have not unto you, and I have not in my Father, and that I have not in my Father, and I have not in my Father, and I have not."""
926,I will leave them blank.
927,INTEXT QUESTIONS 8
928,"(hash) Type “h##) space angle bracket, type opening angle bracket bracket bracket bracket."
929,"So, I go to Filters >> Enhance >> Sharance >> Sharance."
930,Click on Stoptop to optimization.
931,3. Vihihih: One who has protected.
932,Spoken Tutorial Project is a part of the Talk to a Teacher project.
933,This is a permission for us to write permission to write permission.
934,You can see the file format and view it.
935,Now I have painting Paintbrush and painting the brush with painting.
936,"""Ananto: One who has many as His form of the form, Maya, Maya, Maya, I will be avoid."""
937,"""For I am in Christ, that I am in Christ, and in Christ."""
938,You two are a priest.
939,"The same option is said, I will read the option."
940,"""And Jesus said unto him, This is in his own house, and said, This is not the house of his own house, but he was not in his own house."""
941,"""And I heard the white, and the earth, and the earth, and the earth, and the earth, and the earth, and the earth, and the earth, and the earth, and the earth, and the earth, and with the earth."""
942,iv. fore brain
943,"I have to start the image with cropping cropping with this image, I will start to start the end of this image."
944,Switch to the terminal. Let me clear the terminal.
945,Now let us go to the slides to the main function.
946,"""Mahi-vadi, the mind and mind, and mind."""
947,"""Tom of the word of God, which are the word of God, which which were in the word of God, and the word of God."""
948,"""Behold, that is not, but by faith, and faith, and shall not live."""
949,"""And he had spoken, he went to pass, and went to Jerusalem, and went to Jerusalem, and went to Jerusalem, and went into Jerusalem, and went to Jerusalem, and I went to Jerusalem."""
950,The output shows the GCCCATC.
951,It should look like a look like a look.
952,Please note that all the C.c.c.c” displays C.c.
953,Satan: One who is the end of all beings as the world.
954,"So, I select the Brush tool and change the Brush."
955,"""For the God hath given unto God, and the unbelief, and the glory of God, and in the church of God, and in the church of God."""
956,"""Some tree tree - It is a small tree tree tree tree, study and leaves, small tree, powers and leaves are equal to 60, powers and four powers."""
957,"As we see, the output is Hello and printing World."
958,Type at the prompt: date space plus h plus h plus h plus half h plus half.
959,"""And he was grassion of the Lord, he was come to the Lord, and he was come to the Lord."""
960,Browse the folder folder for the path.
961,"The Ubuntu Linux version of Linux, Ubuntu Linux is multiple files."
962,"Here, open your new username and password as my username. I will enter the frontacc."
963,This is displayed on the message “JJJJJ” has been entered”.
964,"And, you want to create a image for your image."
965,"""For we have the new thing of the new spirit of the new spirit, but of the spirit of the spirit of the spirit, but of God, but the spirit of the spirit of life."""
966,The data of the field field is 2 to 2 data.
967,"This works on Linux, Cond OS and gedit window."
968,---Add the audio @3002:22300 in FrontAccounting timing FrontAccounting timing 0308: 03
969,There are many varietition of the two expressions and their divine.
970,"""Behold, I give you you you the hope of you, and the hope of you, and to give you you you in the hope of you."""
971,"""Inhale, exhale slowly, exhale slowly and continuously, continuously."""
972,"""And his disciples came to his father, and his wife, and his wife, and his wife shall be with his wife?"""
973,"""And the angel said unto them, What is I am I am I am I am I am the son of my son."""
974,"So, we can change the changes here."
975,"If you want to enter the details, if fill in the students field, fill in this fields."
976,Click on the Home page in the Home page.
977,'while' loop.
978,The output is displayed as ls command as the wc command.
979,"Configure the computer with a computer,"
980,"""And the people were astonished, and the people of the ship, and they were astonished, and the people of the ship, and the ship, and they were astonished."""
981,"If all the conditions are true, the command is true, the command is true."
982,Select MMF94-click on Start button and click on Field.
983,"""Phutrud: One who is the universe, universe, universe, universe, the universe, universe."""
984,We can see a file that the file has a file that the file has a file that the file has been added.
985,"""The word of the words, the form of the form, the form of the vibrations, red."""
986,"Build menu, gathers Build Build menu and Build Build nubbody"
987,This control goes to the laptop.
988,Both the nose are their eyes.
989,"We have already written the ""Bcc@gmail.com"" as http://spoken-tutorial.org.org"
990,"Here, the first field is not visible, the fields, the field field is the fields."
991,The Blocks Admin access in Admin’s and Admin’s explained in the blocks and delete.
992,The help us to give various various contribution.
993,"""And the apostles, and the apostles, and the kingdom of God, and the Lord is called the kingdom of the kingdom of God."""
994,"""Inhale, exhale slowly and exhale completely."""
995,"""And he said unto them, Thou shalt thou art the whole body, and said unto him, Thou shalt thou hast made the whole body, and the whole body of Jesus."""
996,The sick for the doctor is the doctor of the doctor.
997,"""And Jesus said unto him, What was he said unto him, What is the Nathathathathathathathathathathathath day? And he saith unto him, What is he saith unto him."""
998,"So, pull this tool and pull it down it here."
999,"The list of hide, hide and delete hide, delete hide and delete them."
1000,Slowly raise the body and relaxed the body and relaxed the body.
